course;stop_code;stop_id;stop_name;route_short_name;trip_headsign;direction_id;departure_time;is_theorical;delay_sec;dest_ar_code
268435580;ANTIGRTW;41217;ANTIGONE;1;MOSSON;1;22:41:25;0;703;41101
268435623;ANTIGRTW;41217;ANTIGONE;1;MOSSON;1;22:55:37;0;1555;41101
268435666;ANTIGRTW;41217;ANTIGONE;1;MOSSON;1;23:10:37;0;2455;41101
268436011;BOUTORTW;41233;BOUTONNET;1;MOSSON;1;22:41:37;0;715;41101
268435580;BOUTORTW;41233;BOUTONNET;1;MOSSON;1;22:56:55;0;1633;41101
268435623;BOUTORTW;41233;BOUTONNET;1;MOSSON;1;23:11:13;0;2491;41101
268435536;CHATORTW;41243;CHATEAU D'O;1;MOSSON;1;22:35:13;0;331;41101
268436011;CHATORTW;41243;CHATEAU D'O;1;MOSSON;1;22:50:54;0;1272;41101
268435580;CHATORTW;41243;CHATEAU D'O;1;MOSSON;1;23:05:49;0;2167;41101
268436011;COMEDRTW;41223;COMEDIE;1;MOSSON;1;22:32:53;0;191;41101
268435580;COMEDRTW;41223;COMEDIE;1;MOSSON;1;22:47:48;0;1086;41101
268435623;COMEDRTW;41223;COMEDIE;1;MOSSON;1;23:02:00;0;1938;41101
268436011;CORUMRTW;41225;CORUM T1;1;MOSSON;1;22:35:53;0;371;41101
268435580;CORUMRTW;41225;CORUM T1;1;MOSSON;1;22:50:48;0;1266;41101
268435623;CORUMRTW;41225;CORUM T1;1;MOSSON;1;23:05:00;0;2118;41101
268435580;DUGUESCE;41218;DU GUESCLIN;1;MOSSON;1;22:43:39;0;837;41101
268435623;DUGUESCE;41218;DU GUESCLIN;1;MOSSON;1;22:57:57;0;1695;41101
268435666;DUGUESCE;41218;DU GUESCLIN;1;MOSSON;1;23:12:57;0;2595;41101
268435536;EUROMRTW;41247;EUROMEDECINE;1;MOSSON;1;22:39:13;0;571;41101
268436011;EUROMRTW;41247;EUROMEDECINE;1;MOSSON;1;22:54:54;0;1512;41101
268435580;EUROMRTW;41247;EUROMEDECINE;1;MOSSON;1;23:09:49;0;2407;41101
268436011;GARERTW;41221;GARE ST-ROCH T1;1;MOSSON;1;22:30:53;0;71;41101
268435580;GARERTW;41221;GARE ST-ROCH T1;1;MOSSON;1;22:45:48;0;966;41101
268435623;GARERTW;41221;GARE ST-ROCH T1;1;MOSSON;1;23:00:00;0;1818;41101
268435536;HALLPRTW;41253;HALLES PAILLADE;1;MOSSON;1;22:43:31;0;829;41101
268436011;HALLPRTW;41253;HALLES PAILLADE;1;MOSSON;1;22:58:43;0;1741;41101
268435580;HALLPRTW;41253;HALLES PAILLADE;1;MOSSON;1;23:14:01;0;2659;41101
268435536;HTMASRTW;41249;HAUTS DE MASSANE;1;MOSSON;1;22:40:13;0;631;41101
268436011;HTMASRTW;41249;HAUTS DE MASSANE;1;MOSSON;1;22:55:54;0;1572;41101
268435580;HTMASRTW;41249;HAUTS DE MASSANE;1;MOSSON;1;23:10:49;0;2467;41101
268435536;LAPEYRTW;41239;HOP. LAPEYRONIE;1;MOSSON;1;22:31:52;0;130;41101
268436011;LAPEYRTW;41239;HOP. LAPEYRONIE;1;MOSSON;1;22:47:40;0;1078;41101
268435580;LAPEYRTW;41239;HOP. LAPEYRONIE;1;MOSSON;1;23:02:45;0;1983;41101
268435580;LBLUMRTW;41215;LEON BLUM;1;MOSSON;1;22:39:47;0;605;41101
268435623;LBLUMRTW;41215;LEON BLUM;1;MOSSON;1;22:53:59;0;1457;41101
268435666;LBLUMRTW;41215;LEON BLUM;1;MOSSON;1;23:08:59;0;2357;41101
268436011;BLANCRTW;41227;LOUIS BLANC;1;MOSSON;1;22:36:41;0;419;41101
268435580;BLANCRTW;41227;LOUIS BLANC;1;MOSSON;1;22:51:59;0;1337;41101
268435623;BLANCRTW;41227;LOUIS BLANC;1;MOSSON;1;23:06:17;0;2195;41101
268435536;MALBORTW;41245;MALBOSC;1;MOSSON;1;22:37:13;0;451;41101
268436011;MALBORTW;41245;MALBOSC;1;MOSSON;1;22:52:54;0;1392;41101
268435580;MALBORTW;41245;MALBOSC;1;MOSSON;1;23:07:49;0;2287;41101
268435580;MILLERTW;41203;MILLENAIRE;1;MOSSON;1;22:30:05;0;23;41101
268435623;MILLERTW;41203;MILLENAIRE;1;MOSSON;1;22:44:23;0;881;41101
268435666;MILLERTW;41203;MILLENAIRE;1;MOSSON;1;22:59:23;0;1781;41101
268435580;MONDIRTW;41205;MONDIAL 98;1;MOSSON;1;22:32:17;0;155;41101
268435623;MONDIRTW;41205;MONDIAL 98;1;MOSSON;1;22:45:49;0;967;41101
268435666;MONDIRTW;41205;MONDIAL 98;1;MOSSON;1;23:00:49;0;1867;41101
268435580;MOULARTW;41209;MOULARES;1;MOSSON;1;22:35:17;0;335;41101
268435623;MOULARTW;41209;MOULARES;1;MOSSON;1;22:48:49;0;1147;41101
268435666;MOULARTW;41209;MOULARES;1;MOSSON;1;23:03:49;0;2047;41101
268435536;OCCITRTW;41241;OCCITANIE;1;MOSSON;1;22:33:13;0;211;41101
268436011;OCCITRTW;41241;OCCITANIE;1;MOSSON;1;22:48:54;0;1152;41101
268435580;OCCITRTW;41241;OCCITANIE;1;MOSSON;1;23:03:49;0;2047;41101
268435623;ODYSSETW;41201;ODYSSEUM;1;MOSSON;1;22:41:00;0;678;41101
268435666;ODYSSETW;41201;ODYSSEUM;1;MOSSON;1;22:56:00;0;1578;41101
268435496;ODYSSETW;41201;ODYSSEUM;1;MOSSON;1;23:11:00;0;2478;41101
268436011;PHILIRTW;41231;PHILIPPIDES;1;MOSSON;1;22:40:42;0;660;41101
268435580;PHILIRTW;41231;PHILIPPIDES;1;MOSSON;1;22:56:17;0;1595;41101
268435623;PHILIRTW;41231;PHILIPPIDES;1;MOSSON;1;23:09:49;0;2407;41101
268435580;EUROPRTW;41213;PL. DE L'EUROPE;1;MOSSON;1;22:37:47;0;485;41101
268435623;EUROPRTW;41213;PL. DE L'EUROPE;1;MOSSON;1;22:51:59;0;1337;41101
268435666;EUROPRTW;41213;PL. DE L'EUROPE;1;MOSSON;1;23:06:59;0;2237;41101
268436011;ALBE1RTW;41229;PLACE ALBERT 1ER;1;MOSSON;1;22:38:53;0;551;41101
268435580;ALBE1RTW;41229;PLACE ALBERT 1ER;1;MOSSON;1;22:53:48;0;1446;41101
268435623;ALBE1RTW;41229;PLACE ALBERT 1ER;1;MOSSON;1;23:08:00;0;2298;41101
268435623;PFRANCEE;41261;PLACE DE FRANCE;1;MOSSON;1;22:42:59;0;797;41101
268435666;PFRANCEE;41261;PLACE DE FRANCE;1;MOSSON;1;22:57:59;0;1697;41101
268435496;PFRANCEE;41261;PLACE DE FRANCE;1;MOSSON;1;23:12:59;0;2597;41101
268435580;PMARIRTW;41207;PORT MARIANNE;1;MOSSON;1;22:32:47;0;185;41101
268435623;PMARIRTW;41207;PORT MARIANNE;1;MOSSON;1;22:46:59;0;1037;41101
268435666;PMARIRTW;41207;PORT MARIANNE;1;MOSSON;1;23:01:59;0;1937;41101
268435580;RILEZRTW;41211;RIVES DU LEZ T1;1;MOSSON;1;22:36:47;0;425;41101
268435623;RILEZRTW;41211;RIVES DU LEZ T1;1;MOSSON;1;22:50:59;0;1277;41101
268435666;RILEZRTW;41211;RIVES DU LEZ T1;1;MOSSON;1;23:05:59;0;2177;41101
268436011;STELORTW;41235;SAINT-ELOI;1;MOSSON;1;22:43:53;0;851;41101
268435580;STELORTW;41235;SAINT-ELOI;1;MOSSON;1;22:58:48;0;1746;41101
268435623;STELORTW;41235;SAINT-ELOI;1;MOSSON;1;23:13:00;0;2598;41101
268435536;STPAURTW;41251;SAINT-PAUL;1;MOSSON;1;22:42:13;0;751;41101
268436011;STPAURTW;41251;SAINT-PAUL;1;MOSSON;1;22:57:54;0;1692;41101
268435580;STPAURTW;41251;SAINT-PAUL;1;MOSSON;1;23:12:49;0;2587;41101
268435848;STMOSSOS;41263;STADE MOSSON;1;MOSSON;1;22:32:04;0;142;41101
268435536;STMOSSOS;41263;STADE MOSSON;1;MOSSON;1;22:45:13;0;931;41101
268436011;STMOSSOS;41263;STADE MOSSON;1;MOSSON;1;23:00:54;0;1872;41101
268436011;SCIENRTW;41237;UNIVERSITES;1;MOSSON;1;22:45:15;0;933;41101
268435580;SCIENRTW;41237;UNIVERSITES;1;MOSSON;1;23:00:10;0;1828;41101
268435623;SCIENRTW;41237;UNIVERSITES;1;MOSSON;1;23:14:22;0;2680;41101
268435663;ANTIGATW;41139;ANTIGONE;1;ODYSSEUM;0;22:31:45;0;123;41155
268435493;ANTIGATW;41139;ANTIGONE;1;ODYSSEUM;0;22:49:40;0;1198;41155
268435746;ANTIGATW;41139;ANTIGONE;1;ODYSSEUM;0;23:03:02;0;2000;41155
268435493;BOUTOATW;41123;BOUTONNET;1;ODYSSEUM;0;22:34:09;0;267;41155
268435746;BOUTOATW;41123;BOUTONNET;1;ODYSSEUM;0;22:47:11;0;1049;41155
268435849;BOUTOATW;41123;BOUTONNET;1;ODYSSEUM;0;23:02:47;0;1985;41155
268435746;CHATOATW;41113;CHATEAU D'O;1;ODYSSEUM;0;22:38:10;0;508;41155
268435849;CHATOATW;41113;CHATEAU D'O;1;ODYSSEUM;0;22:54:00;0;1458;41155
268435537;CHATOATW;41113;CHATEAU D'O;1;ODYSSEUM;0;23:09:00;0;2358;41155
268435493;COMEDATW;41133;COMEDIE;1;ODYSSEUM;0;22:44:02;0;860;41155
268435746;COMEDATW;41133;COMEDIE;1;ODYSSEUM;0;22:57:10;0;1648;41155
268435849;COMEDATW;41133;COMEDIE;1;ODYSSEUM;0;23:13:00;0;2598;41155
268435493;CORUMATW;41131;CORUM T1;1;ODYSSEUM;0;22:41:02;0;680;41155
268435746;CORUMATW;41131;CORUM T1;1;ODYSSEUM;0;22:54:10;0;1468;41155
268435849;CORUMATW;41131;CORUM T1;1;ODYSSEUM;0;23:10:00;0;2418;41155
268435663;DUGUESCS;41138;DU GUESCLIN;1;ODYSSEUM;0;22:30:23;0;41;41155
268435493;DUGUESCS;41138;DU GUESCLIN;1;ODYSSEUM;0;22:48:02;0;1100;41155
268435746;DUGUESCS;41138;DU GUESCLIN;1;ODYSSEUM;0;23:01:06;0;1884;41155
268435746;EUROMATW;41109;EUROMEDECINE;1;ODYSSEUM;0;22:34:10;0;268;41155
268435849;EUROMATW;41109;EUROMEDECINE;1;ODYSSEUM;0;22:50:00;0;1218;41155
268435537;EUROMATW;41109;EUROMEDECINE;1;ODYSSEUM;0;23:05:00;0;2118;41155
268435493;GARETW;41135;GARE ST-ROCH T1;1;ODYSSEUM;0;22:46:02;0;980;41155
268435746;GARETW;41135;GARE ST-ROCH T1;1;ODYSSEUM;0;22:59:10;0;1768;41155
268435849;GARETW;41135;GARE ST-ROCH T1;1;ODYSSEUM;0;23:15:00;0;2718;41155
268435849;HALLPATW;41103;HALLES PAILLADE;1;ODYSSEUM;0;22:45:15;0;933;41155
268435537;HALLPATW;41103;HALLES PAILLADE;1;ODYSSEUM;0;23:00:15;0;1833;41155
268436012;HALLPATW;41103;HALLES PAILLADE;1;ODYSSEUM;0;23:15:15;0;2733;41155
268435746;HTMASATW;41107;HAUTS DE MASSANE;1;ODYSSEUM;0;22:33:10;0;208;41155
268435849;HTMASATW;41107;HAUTS DE MASSANE;1;ODYSSEUM;0;22:49:00;0;1158;41155
268435537;HTMASATW;41107;HAUTS DE MASSANE;1;ODYSSEUM;0;23:04:00;0;2058;41155
268435746;LAPEYATW;41117;HOP. LAPEYRONIE;1;ODYSSEUM;0;22:41:24;0;702;41155
268435849;LAPEYATW;41117;HOP. LAPEYRONIE;1;ODYSSEUM;0;22:57:14;0;1652;41155
268435537;LAPEYATW;41117;HOP. LAPEYRONIE;1;ODYSSEUM;0;23:12:14;0;2552;41155
268435663;LBLUMATW;41141;LEON BLUM;1;ODYSSEUM;0;22:33:45;0;243;41155
268435493;LBLUMATW;41141;LEON BLUM;1;ODYSSEUM;0;22:51:02;0;1280;41155
268435746;LBLUMATW;41141;LEON BLUM;1;ODYSSEUM;0;23:04:10;0;2068;41155
268435493;BLANCATW;41129;LOUIS BLANC;1;ODYSSEUM;0;22:39:19;0;577;41155
268435746;BLANCATW;41129;LOUIS BLANC;1;ODYSSEUM;0;22:52:27;0;1365;41155
268435849;BLANCATW;41129;LOUIS BLANC;1;ODYSSEUM;0;23:08:17;0;2315;41155
268435746;MALBOATW;41111;MALBOSC;1;ODYSSEUM;0;22:36:10;0;388;41155
268435849;MALBOATW;41111;MALBOSC;1;ODYSSEUM;0;22:52:00;0;1338;41155
268435537;MALBOATW;41111;MALBOSC;1;ODYSSEUM;0;23:07:00;0;2238;41155
268435620;MILLEATW;41153;MILLENAIRE;1;ODYSSEUM;0;22:32:19;0;157;41155
268435663;MILLEATW;41153;MILLENAIRE;1;ODYSSEUM;0;22:42:40;0;778;41155
268435493;MILLEATW;41153;MILLENAIRE;1;ODYSSEUM;0;23:00:35;0;1853;41155
268435620;MONDIATW;41151;MONDIAL 98;1;ODYSSEUM;0;22:31:07;0;85;41155
268435663;MONDIATW;41151;MONDIAL 98;1;ODYSSEUM;0;22:41:37;0;715;41155
268435493;MONDIATW;41151;MONDIAL 98;1;ODYSSEUM;0;22:59:29;0;1787;41155
268435849;MOSSOATW;41101;MOSSON T1;1;ODYSSEUM;0;22:41:00;0;678;41155
268435537;MOSSOATW;41101;MOSSON T1;1;ODYSSEUM;0;22:56:00;0;1578;41155
268436012;MOSSOATW;41101;MOSSON T1;1;ODYSSEUM;0;23:11:00;0;2478;41155
268435663;MOULAATW;41147;MOULARES;1;ODYSSEUM;0;22:38:53;0;551;41155
268435493;MOULAATW;41147;MOULARES;1;ODYSSEUM;0;22:56:47;0;1625;41155
268435746;MOULAATW;41147;MOULARES;1;ODYSSEUM;0;23:09:58;0;2416;41155
268435746;OCCITATW;41115;OCCITANIE;1;ODYSSEUM;0;22:40:10;0;628;41155
268435849;OCCITATW;41115;OCCITANIE;1;ODYSSEUM;0;22:56:00;0;1578;41155
268435537;OCCITATW;41115;OCCITANIE;1;ODYSSEUM;0;23:11:00;0;2478;41155
268435493;PHILIATW;41125;PHILIPPIDES;1;ODYSSEUM;0;22:35:13;0;331;41155
268435746;PHILIATW;41125;PHILIPPIDES;1;ODYSSEUM;0;22:48:21;0;1119;41155
268435849;PHILIATW;41125;PHILIPPIDES;1;ODYSSEUM;0;23:04:11;0;2069;41155
268435663;EUROPATW;41143;PL. DE L'EUROPE;1;ODYSSEUM;0;22:35:45;0;363;41155
268435493;EUROPATW;41143;PL. DE L'EUROPE;1;ODYSSEUM;0;22:53:02;0;1400;41155
268435746;EUROPATW;41143;PL. DE L'EUROPE;1;ODYSSEUM;0;23:06:10;0;2188;41155
268435493;ALBE1ATW;41127;PLACE ALBERT 1ER;1;ODYSSEUM;0;22:37:02;0;440;41155
268435746;ALBE1ATW;41127;PLACE ALBERT 1ER;1;ODYSSEUM;0;22:50:10;0;1228;41155
268435849;ALBE1ATW;41127;PLACE ALBERT 1ER;1;ODYSSEUM;0;23:06:00;0;2178;41155
268435620;PFRANCES;41161;PLACE DE FRANCE;1;ODYSSEUM;0;22:33:46;0;244;41155
268435663;PFRANCES;41161;PLACE DE FRANCE;1;ODYSSEUM;0;22:44:45;0;903;41155
268435493;PFRANCES;41161;PLACE DE FRANCE;1;ODYSSEUM;0;23:02:02;0;1940;41155
268435620;PMARIATW;41149;PORT MARIANNE;1;ODYSSEUM;0;22:29:46;0;4;41155
268435663;PMARIATW;41149;PORT MARIANNE;1;ODYSSEUM;0;22:40:45;0;663;41155
268435493;PMARIATW;41149;PORT MARIANNE;1;ODYSSEUM;0;22:58:02;0;1700;41155
268435663;RILEZATW;41145;RIVES DU LEZ T1;1;ODYSSEUM;0;22:37:45;0;483;41155
268435493;RILEZATW;41145;RIVES DU LEZ T1;1;ODYSSEUM;0;22:55:02;0;1520;41155
268435746;RILEZATW;41145;RIVES DU LEZ T1;1;ODYSSEUM;0;23:08:10;0;2308;41155
268435493;STELOATW;41121;SAINT-ELOI;1;ODYSSEUM;0;22:32:02;0;140;41155
268435746;STELOATW;41121;SAINT-ELOI;1;ODYSSEUM;0;22:45:10;0;928;41155
268435849;STELOATW;41121;SAINT-ELOI;1;ODYSSEUM;0;23:01:00;0;1878;41155
268435746;STPAUATW;41105;SAINT-PAUL;1;ODYSSEUM;0;22:31:10;0;88;41155
268435849;STPAUATW;41105;SAINT-PAUL;1;ODYSSEUM;0;22:47:00;0;1038;41155
268435537;STPAUATW;41105;SAINT-PAUL;1;ODYSSEUM;0;23:02:00;0;1938;41155
268435849;STMOSSOE;41163;STADE MOSSON;1;ODYSSEUM;0;22:43:00;0;798;41155
268435537;STMOSSOE;41163;STADE MOSSON;1;ODYSSEUM;0;22:58:00;0;1698;41155
268436012;STMOSSOE;41163;STADE MOSSON;1;ODYSSEUM;0;23:13:00;0;2598;41155
268435493;SCIENATW;41119;UNIVERSITES;1;ODYSSEUM;0;22:30:37;0;55;41155
268435746;SCIENATW;41119;UNIVERSITES;1;ODYSSEUM;0;22:44:04;0;862;41155
268435849;SCIENATW;41119;UNIVERSITES;1;ODYSSEUM;0;22:59:40;0;1798;41155
268438496;BAGATELS;4244;BAGATELLE;11;PAUL FAJON;1;22:46:18;0;996;4246
268438496;CHASSEUR;4230;CHASSEURS;11;PAUL FAJON;1;22:41:15;0;693;4246
268438496;CHDUS;4102;CHENG-DU;11;PAUL FAJON;1;22:47:24;0;1062;4246
268438496;CGELYR;4229;CITE GELY;11;PAUL FAJON;1;22:40:19;0;637;4246
268438496;CVALETTR;4232;CITE VALETTE;11;PAUL FAJON;1;22:43:02;0;800;4246
268438496;MPAGNOLS;4242;COLLEGE PAGNOL;11;PAUL FAJON;1;22:45:19;0;937;4246
268438496;CRAPONNS;15105;CRAPONNE;11;PAUL FAJON;1;22:37:08;0;446;4246
268438496;FIGUEROL;4227;FIGUEROLLES;11;PAUL FAJON;1;22:38:24;0;522;4246
268438496;GAMBETTS;1104;GAMBETTA;11;PAUL FAJON;1;22:35:19;0;337;4246
268438496;GARE11;11230;GARE SAINT-ROCH;11;PAUL FAJON;1;22:30:20;0;38;4246
268438496;ROSESR;4231;LES ROSES;11;PAUL FAJON;1;22:42:23;0;761;4246
268438496;OBSERVSN;2133;OBSERVATOIRE;11;PAUL FAJON;1;22:33:19;0;217;4246
268438496;PALISSAS;11224;PALISSADE;11;PAUL FAJON;1;22:36:15;0;393;4246
268438496;PASLOU6A;6101;PAS DU LOUP;11;PAUL FAJON;1;22:44:15;0;873;4246
268438496;ROUGETS;4103;ROUGET DE LISLE;11;PAUL FAJON;1;22:49:09;0;1167;4246
268438850;CNEARC;5280;AGROPOLIS;13;NAVETTE A;0;22:46:00;0;978;13230
268438852;CNEARC;5280;AGROPOLIS;13;NAVETTE A;0;23:16:00;0;2778;13230
268438854;CNEARC;5280;AGROPOLIS;13;NAVETTE A;0;23:46:00;0;4578;13230
268438850;CHIMIEA;13226;ECOLE DE CHIMIE;13;NAVETTE A;0;22:50:42;0;1260;13230
268438852;CHIMIEA;13226;ECOLE DE CHIMIE;13;NAVETTE A;0;23:20:42;0;3060;13230
268438854;CHIMIEA;13226;ECOLE DE CHIMIE;13;NAVETTE A;0;23:50:42;0;4860;13230
268438850;BATAILLE;13229;EUGENE BATAILLON;13;NAVETTE A;0;22:54:43;0;1501;13230
268438852;BATAILLE;13229;EUGENE BATAILLON;13;NAVETTE A;0;23:24:43;0;3301;13230
268438854;BATAILLE;13229;EUGENE BATAILLON;13;NAVETTE A;0;23:54:43;0;5101;13230
268438850;GASCOGNE;13228;GASCOGNE;13;NAVETTE A;0;22:52:59;0;1397;13230
268438852;GASCOGNE;13228;GASCOGNE;13;NAVETTE A;0;23:22:59;0;3197;13230
268438854;GASCOGNE;13228;GASCOGNE;13;NAVETTE A;0;23:52:59;0;4997;13230
268438850;LAVALETE;5284;LAVALETTE;13;NAVETTE A;0;22:49:12;0;1170;13230
268438852;LAVALETE;5284;LAVALETTE;13;NAVETTE A;0;23:19:12;0;2970;13230
268438854;LAVALETE;5284;LAVALETTE;13;NAVETTE A;0;23:49:12;0;4770;13230
268438850;PARGUELA;13227;PAUL PARGUEL;13;NAVETTE A;0;22:52:23;0;1361;13230
268438852;PARGUELA;13227;PAUL PARGUEL;13;NAVETTE A;0;23:22:23;0;3161;13230
268438854;PARGUELA;13227;PAUL PARGUEL;13;NAVETTE A;0;23:52:23;0;4961;13230
268438850;VERTBOIA;13225;VERT-BOIS;13;NAVETTE A;0;22:49:59;0;1217;13230
268438852;VERTBOIA;13225;VERT-BOIS;13;NAVETTE A;0;23:19:59;0;3017;13230
268438854;VERTBOIA;13225;VERT-BOIS;13;NAVETTE A;0;23:49:59;0;4817;13230
268438850;ZOOE;5283;ZOO;13;NAVETTE A;0;22:48:04;0;1102;13230
268438852;ZOOE;5283;ZOO;13;NAVETTE A;0;23:18:04;0;2902;13230
268438854;ZOOE;5283;ZOO;13;NAVETTE A;0;23:48:04;0;4702;13230
268438849;VALMONTS;13203;CAMPUS AGROPOLIS;13;NAVETTE AGROPOLIS;1;22:38:59;0;557;5165
268438851;VALMONTS;13203;CAMPUS AGROPOLIS;13;NAVETTE AGROPOLIS;1;23:08:59;0;2357;5165
268438853;VALMONTS;13203;CAMPUS AGROPOLIS;13;NAVETTE AGROPOLIS;1;23:38:59;0;4157;5165
268438849;CHIMIEB;13119;ECOLE DE CHIMIE;13;NAVETTE AGROPOLIS;1;22:35:09;0;327;5165
268438851;CHIMIEB;13119;ECOLE DE CHIMIE;13;NAVETTE AGROPOLIS;1;23:05:09;0;2127;5165
268438853;CHIMIEB;13119;ECOLE DE CHIMIE;13;NAVETTE AGROPOLIS;1;23:35:09;0;3927;5165
268438849;BATAILLB;13116;EUGENE BATAILLON;13;NAVETTE AGROPOLIS;1;22:32:27;0;165;5165
268438851;BATAILLB;13116;EUGENE BATAILLON;13;NAVETTE AGROPOLIS;1;23:02:27;0;1965;5165
268438853;BATAILLB;13116;EUGENE BATAILLON;13;NAVETTE AGROPOLIS;1;23:32:27;0;3765;5165
268438849;GASCOGNB;13117;GASCOGNE;13;NAVETTE AGROPOLIS;1;22:33:00;0;198;5165
268438851;GASCOGNB;13117;GASCOGNE;13;NAVETTE AGROPOLIS;1;23:03:00;0;1998;5165
268438853;GASCOGNB;13117;GASCOGNE;13;NAVETTE AGROPOLIS;1;23:33:00;0;3798;5165
268438849;LAVALETS;5161;LAVALETTE;13;NAVETTE AGROPOLIS;1;22:36:36;0;414;5165
268438851;LAVALETS;5161;LAVALETTE;13;NAVETTE AGROPOLIS;1;23:06:36;0;2214;5165
268438853;LAVALETS;5161;LAVALETTE;13;NAVETTE AGROPOLIS;1;23:36:36;0;4014;5165
268438849;PARGUELB;13118;PAUL PARGUEL;13;NAVETTE AGROPOLIS;1;22:33:42;0;240;5165
268438851;PARGUELB;13118;PAUL PARGUEL;13;NAVETTE AGROPOLIS;1;23:03:42;0;2040;5165
268438853;PARGUELB;13118;PAUL PARGUEL;13;NAVETTE AGROPOLIS;1;23:33:42;0;3840;5165
268438849;UNIVERSB;13115;UNIVERSITES;13;NAVETTE AGROPOLIS;1;22:32:00;0;138;5165
268438851;UNIVERSB;13115;UNIVERSITES;13;NAVETTE AGROPOLIS;1;23:02:00;0;1938;5165
268438853;UNIVERSB;13115;UNIVERSITES;13;NAVETTE AGROPOLIS;1;23:32:00;0;3738;5165
268438849;VERTBOIS;5125;VERT-BOIS;13;NAVETTE AGROPOLIS;1;22:35:59;0;377;5165
268438851;VERTBOIS;5125;VERT-BOIS;13;NAVETTE AGROPOLIS;1;23:05:59;0;2177;5165
268438853;VERTBOIS;5125;VERT-BOIS;13;NAVETTE AGROPOLIS;1;23:35:59;0;3977;5165
268438849;ZOOS;5162;ZOO;13;NAVETTE AGROPOLIS;1;22:37:36;0;474;5165
268438851;ZOOS;5162;ZOO;13;NAVETTE AGROPOLIS;1;23:07:36;0;2274;5165
268438853;ZOOS;5162;ZOO;13;NAVETTE AGROPOLIS;1;23:37:36;0;4074;5165
268439178;BUGARELA;10156;BUGAREL;15;SABINES;0;22:30:32;0;50;10152
268439178;GRANDME;6105;LE GRAND M;15;SABINES;0;22:32:39;0;177;10152
268439178;BAGNEREA;10155;MAS DE BAGNERES;15;SABINES;0;22:33:44;0;242;10152
268439178;DUMANOIA;10157;YVES DU MANOIR;15;SABINES;0;22:31:17;0;95;10152
268439345;MALRAUXR;9202;ANDRE MALRAUX;16;PORT MARIANNE;0;22:34:00;0;258;16401
268439345;APOLLOD;9145;APOLLO;16;PORT MARIANNE;0;22:32:00;0;138;16401
268439345;CDG16D;16301;CH. DE GAULLE;16;PORT MARIANNE;0;22:30:00;0;18;16401
268439345;COLSVERR;9205;COLVERTS;16;PORT MARIANNE;0;22:36:05;0;383;16401
268439345;MDURANDR;9203;MARIE DURAND;16;PORT MARIANNE;0;22:34:37;0;295;16401
268439345;MASROCHE;16303;MAS DE ROCHET;16;PORT MARIANNE;0;22:31:05;0;83;16401
268439345;PAINLEVR;9206;PAUL PAINLEVE;16;PORT MARIANNE;0;22:37:01;0;439;16401
268439345;LAROQUER;10259;PIERRE LAROQUE;16;PORT MARIANNE;0;22:32:53;0;191;16401
268439345;PIOCHPEA;8122;PIOCH PELAT;16;PORT MARIANNE;0;22:30:37;0;55;16401
268439345;P_EUR16A;16309;PL. DE L'EUROPE;16;PORT MARIANNE;0;22:39:01;0;559;16401
268439345;PTJUVENA;16136;PONT JUVENAL;16;PORT MARIANNE;0;22:38:13;0;511;16401
268439345;STJEANR;9204;SAINT-JEAN;16;PORT MARIANNE;0;22:35:31;0;349;16401
268439345;STMICHEE;9208;SAINT-MICHEL;16;PORT MARIANNE;0;22:41:29;0;707;16401
268439345;POMPIG9R;9129;SEMARD;16;PORT MARIANNE;0;22:33:30;0;228;16401
268439507;CARRIERS;1143;CARRIERA;19;COUBERTIN;1;22:49:20;0;1178;1135
268439509;CARRIERS;1143;CARRIERA;19;COUBERTIN;1;23:11:18;0;2496;1135
268439507;COMTENIS;1133;COMTE DE NICE;19;COUBERTIN;1;22:52:17;0;1355;1135
268439509;COMTENIS;1133;COMTE DE NICE;19;COUBERTIN;1;23:14:15;0;2673;1135
268439507;COMTETOS;1127;COMTE TOULOUSE;19;COUBERTIN;1;22:48:13;0;1111;1135
268439509;COMTETOS;1127;COMTE TOULOUSE;19;COUBERTIN;1;23:10:11;0;2429;1135
268439507;CORSES;1132;CORSE;19;COUBERTIN;1;22:52:28;0;1366;1135
268439509;CORSES;1132;CORSE;19;COUBERTIN;1;23:14:26;0;2684;1135
268439507;GEMEAUXS;1124;GEMEAUX;19;COUBERTIN;1;22:46:18;0;996;1135
268439509;GEMEAUXS;1124;GEMEAUX;19;COUBERTIN;1;23:08:16;0;2314;1135
268439507;HALLESPS;1137;HALLES PAILLADE;19;COUBERTIN;1;22:43:10;0;808;1135
268439509;HALLESPS;1137;HALLES PAILLADE;19;COUBERTIN;1;23:05:08;0;2126;1135
268439507;HTMASSAS;1125;HAUTS DE MASSANE;19;COUBERTIN;1;22:47:18;0;1056;1135
268439509;HTMASSAS;1125;HAUTS DE MASSANE;19;COUBERTIN;1;23:09:16;0;2374;1135
268439507;HDEPARTE;7132;HOT. DEPARTEMENT;19;COUBERTIN;1;22:39:18;0;576;1135
268439509;HDEPARTE;7132;HOT. DEPARTEMENT;19;COUBERTIN;1;23:01:16;0;1894;1135
268439507;PREVERTS;1131;JACQUES PREVERT;19;COUBERTIN;1;22:51:26;0;1304;1135
268439509;PREVERTS;1131;JACQUES PREVERT;19;COUBERTIN;1;23:13:24;0;2622;1135
268439507;LVINCI7S;7236;LYCEE DE VINCI;19;COUBERTIN;1;22:41:46;0;724;1135
268439509;LVINCI7S;7236;LYCEE DE VINCI;19;COUBERTIN;1;23:03:44;0;2042;1135
268439507;MBELLEVS;1134;MAS DE BELLEVUE;19;COUBERTIN;1;22:53:18;0;1416;1135
268439509;MBELLEVS;1134;MAS DE BELLEVUE;19;COUBERTIN;1;23:15:16;0;2734;1135
268439507;OXFORDS;19202;OXFORD;19;COUBERTIN;1;22:42:18;0;756;1135
268439509;OXFORDS;19202;OXFORD;19;COUBERTIN;1;23:04:16;0;2074;1135
268439507;MALBOSCS;9227;PARC MALBOSC;19;COUBERTIN;1;22:40:27;0;645;1135
268439509;MALBOSCS;9227;PARC MALBOSC;19;COUBERTIN;1;23:02:25;0;1963;1135
268439507;CARDENAS;1142;PIERRE CARDENAL;19;COUBERTIN;1;22:49:10;0;1168;1135
268439509;CARDENAS;1142;PIERRE CARDENAL;19;COUBERTIN;1;23:11:29;0;2507;1135
268439507;PITALIES;1130;PLACE D'ITALIE;19;COUBERTIN;1;22:50:09;0;1227;1135
268439509;PITALIES;1130;PLACE D'ITALIE;19;COUBERTIN;1;23:12:28;0;2566;1135
268439507;R_ORANGS;1126;RAIMBAUD ORANGE;19;COUBERTIN;1;22:48:20;0;1118;1135
268439509;R_ORANGS;1126;RAIMBAUD ORANGE;19;COUBERTIN;1;23:10:18;0;2436;1135
268439507;UPPSALAS;19201;UPPSALA;19;COUBERTIN;1;22:45:25;0;943;1135
268439509;UPPSALAS;19201;UPPSALA;19;COUBERTIN;1;23:07:23;0;2261;1135
268439505;HALLESPE;1240;HALLES PAILLADE;19;H. DEPARTEMENT;0;22:32:08;0;146;7143
268439505;LVINCI7E;7136;LYCEE DE VINCI;19;H. DEPARTEMENT;0;22:34:32;0;290;7143
268439505;OXFORD;1138;OXFORD;19;H. DEPARTEMENT;0;22:33:19;0;217;7143
268439505;STPAUE_B;19102;SAINT-PAUL;19;H. DEPARTEMENT;0;22:30:05;0;23;7143
268436475;AIGUETWS;42147;AIGUELONGUE;2;JACOU;0;22:30:54;0;72;42169
268436734;AIGUETWS;42147;AIGUELONGUE;2;JACOU;0;23:00:26;0;1844;42169
268436516;AIGUETWS;42147;AIGUELONGUE;2;JACOU;0;23:30:00;0;3618;42169
268436475;AUBEROUS;42163;AUBE ROUGE;2;JACOU;0;22:40:55;0;673;42169
268436734;AUBEROUS;42163;AUBE ROUGE;2;JACOU;0;23:10:27;0;2445;42169
268436516;AUBEROUS;42163;AUBE ROUGE;2;JACOU;0;23:40:01;0;4219;42169
268436734;BXARTTWS;42143;BEAUX-ARTS;2;JACOU;0;22:56:43;0;1621;42169
268436516;BXARTTWS;42143;BEAUX-ARTS;2;JACOU;0;23:26:17;0;3395;42169
268436663;BXARTTWS;42143;BEAUX-ARTS;2;JACOU;0;23:56:17;0;5195;42169
268436475;CENTUTWS;42157;CENTURIONS;2;JACOU;0;22:37:30;0;468;42169
268436734;CENTUTWS;42157;CENTURIONS;2;JACOU;0;23:06:41;0;2219;42169
268436516;CENTUTWS;42157;CENTURIONS;2;JACOU;0;23:36:41;0;4019;42169
268436475;DEGAULLS;42151;CH. DE GAULLE;2;JACOU;0;22:33:54;0;252;42169
268436734;DEGAULLS;42151;CH. DE GAULLE;2;JACOU;0;23:03:26;0;2024;42169
268436516;DEGAULLS;42151;CH. DE GAULLE;2;JACOU;0;23:33:00;0;3798;42169
268436475;CLAIRTWS;42153;CLAIRVAL;2;JACOU;0;22:34:40;0;298;42169
268436734;CLAIRTWS;42153;CLAIRVAL;2;JACOU;0;23:04:30;0;2088;42169
268436516;CLAIRTWS;42153;CLAIRVAL;2;JACOU;0;23:34:04;0;3862;42169
268436734;COMEDRTW;41223;COMEDIE;2;JACOU;0;22:52:26;0;1364;42169
268436516;COMEDRTW;41223;COMEDIE;2;JACOU;0;23:22:00;0;3138;42169
268436663;COMEDRTW;41223;COMEDIE;2;JACOU;0;23:52:00;0;4938;42169
268436734;CORUM2S;42141;CORUM T2;2;JACOU;0;22:55:26;0;1544;42169
268436516;CORUM2S;42141;CORUM T2;2;JACOU;0;23:25:00;0;3318;42169
268436663;CORUM2S;42141;CORUM T2;2;JACOU;0;23:55:00;0;5118;42169
268436734;CXARGTWE;42115;CROIX D'ARGENT;2;JACOU;0;22:40:26;0;644;42169
268436516;CXARGTWE;42115;CROIX D'ARGENT;2;JACOU;0;23:10:00;0;2418;42169
268436663;CXARGTWE;42115;CROIX D'ARGENT;2;JACOU;0;23:40:00;0;4218;42169
268436734;GARERTW;41221;GARE ST-ROCH T1;2;JACOU;0;22:50:26;0;1244;42169
268436516;GARERTW;41221;GARE ST-ROCH T1;2;JACOU;0;23:20:00;0;3018;42169
268436663;GARERTW;41221;GARE ST-ROCH T1;2;JACOU;0;23:50:00;0;4818;42169
268436475;GPOMPTWS;42167;GEORGES POMPIDOU;2;JACOU;0;22:46:55;0;1033;42169
268436734;GPOMPTWS;42167;GEORGES POMPIDOU;2;JACOU;0;23:16:27;0;2805;42169
268436516;GPOMPTWS;42167;GEORGES POMPIDOU;2;JACOU;0;23:46:01;0;4579;42169
268436734;CONDATWE;42105;LA CONDAMINE;2;JACOU;0;22:32:26;0;164;42169
268436516;CONDATWE;42105;LA CONDAMINE;2;JACOU;0;23:02:00;0;1938;42169
268436663;CONDATWE;42105;LA CONDAMINE;2;JACOU;0;23:32:00;0;3738;42169
268436475;GALINTWS;42155;LA GALINE;2;JACOU;0;22:36:15;0;393;42169
268436734;GALINTWS;42155;LA GALINE;2;JACOU;0;23:05:47;0;2165;42169
268436516;GALINTWS;42155;LA GALINE;2;JACOU;0;23:35:21;0;3939;42169
268436734;LEMASTWE;42119;LEMASSON;2;JACOU;0;22:42:46;0;784;42169
268436516;LEMASTWE;42119;LEMASSON;2;JACOU;0;23:12:46;0;2584;42169
268436663;LEMASTWE;42119;LEMASSON;2;JACOU;0;23:42:46;0;4384;42169
268436734;GRISETTE;42109;LES GRISETTES;2;JACOU;0;22:35:26;0;344;42169
268436516;GRISETTE;42109;LES GRISETTES;2;JACOU;0;23:05:00;0;2118;42169
268436663;GRISETTE;42109;LES GRISETTES;2;JACOU;0;23:35:00;0;3918;42169
268436734;ABBESTWS;42145;MAIL DES ABBES;2;JACOU;0;22:57:44;0;1682;42169
268436516;ABBESTWS;42145;MAIL DES ABBES;2;JACOU;0;23:27:44;0;3482;42169
268436663;ABBESTWS;42145;MAIL DES ABBES;2;JACOU;0;23:57:44;0;5282;42169
268436734;DREVOTWE;42117;MAS DREVON;2;JACOU;0;22:41:35;0;713;42169
268436516;DREVOTWE;42117;MAS DREVON;2;JACOU;0;23:11:09;0;2487;42169
268436663;DREVOTWE;42117;MAS DREVON;2;JACOU;0;23:41:09;0;4287;42169
268436475;SABLASSS;42159;ND DE SABLASSOU;2;JACOU;0;22:38:55;0;553;42169
268436734;SABLASSS;42159;ND DE SABLASSOU;2;JACOU;0;23:08:27;0;2325;42169
268436516;SABLASSS;42159;ND DE SABLASSOU;2;JACOU;0;23:38:01;0;4099;42169
268436734;NVSTROCE;42123;NOUVEAU ST-ROCH;2;JACOU;0;22:46:26;0;1004;42169
268436516;NVSTROCE;42123;NOUVEAU ST-ROCH;2;JACOU;0;23:16:00;0;2778;42169
268436663;NVSTROCE;42123;NOUVEAU ST-ROCH;2;JACOU;0;23:46:00;0;4578;42169
268436475;PLANKSTS;42171;PLANKSTADT;2;JACOU;0;22:42:55;0;793;42169
268436734;PLANKSTS;42171;PLANKSTADT;2;JACOU;0;23:12:27;0;2565;42169
268436516;PLANKSTS;42171;PLANKSTADT;2;JACOU;0;23:42:01;0;4339;42169
268436734;RONDETWE;42125;RONDELET;2;JACOU;0;22:47:54;0;1092;42169
268436516;RONDETWE;42125;RONDELET;2;JACOU;0;23:17:54;0;2892;42169
268436663;RONDETWE;42125;RONDELET;2;JACOU;0;23:47:54;0;4692;42169
268436734;SABINESE;42111;SABINES;2;JACOU;0;22:37:26;0;464;42169
268436516;SABINESE;42111;SABINES;2;JACOU;0;23:07:00;0;2238;42169
268436663;SABINESE;42111;SABINES;2;JACOU;0;23:37:00;0;4038;42169
268436734;STCLETWE;42121;SAINT-CLEOPHAS;2;JACOU;0;22:44:26;0;884;42169
268436516;STCLETWE;42121;SAINT-CLEOPHAS;2;JACOU;0;23:14:00;0;2658;42169
268436663;STCLETWE;42121;SAINT-CLEOPHAS;2;JACOU;0;23:44:00;0;4458;42169
268436475;STLAZTWS;42149;SAINT-LAZARE;2;JACOU;0;22:31:39;0;117;42169
268436734;STLAZTWS;42149;SAINT-LAZARE;2;JACOU;0;23:01:03;0;1881;42169
268436516;STLAZTWS;42149;SAINT-LAZARE;2;JACOU;0;23:31:03;0;3681;42169
268436516;VEDASD;42101;ST-JEAN CENTRE;2;JACOU;0;22:59:00;0;1758;42169
268436663;VEDASD;42101;ST-JEAN CENTRE;2;JACOU;0;23:29:00;0;3558;42169
268436734;STJSECE;42103;ST-JEAN LE SEC;2;JACOU;0;22:31:26;0;104;42169
268436516;STJSECE;42103;ST-JEAN LE SEC;2;JACOU;0;23:01:00;0;1878;42169
268436663;STJSECE;42103;ST-JEAN LE SEC;2;JACOU;0;23:31:00;0;3678;42169
268436475;VDOMITIS;42165;VIA DOMITIA;2;JACOU;0;22:44:55;0;913;42169
268436734;VDOMITIS;42165;VIA DOMITIA;2;JACOU;0;23:14:27;0;2685;42169
268436516;VDOMITIS;42165;VIA DOMITIA;2;JACOU;0;23:44:01;0;4459;42169
268436734;VICTOIRS;42107;VICTOIRE 2;2;JACOU;0;22:34:26;0;284;42169
268436516;VICTOIRS;42107;VICTOIRE 2;2;JACOU;0;23:04:00;0;2058;42169
268436663;VICTOIRS;42107;VICTOIRE 2;2;JACOU;0;23:34:00;0;3858;42169
268436734;ANGOUTWE;42113;VIL. D'ANGOULEME;2;JACOU;0;22:39:00;0;558;42169
268436516;ANGOUTWE;42113;VIL. D'ANGOULEME;2;JACOU;0;23:09:00;0;2358;42169
268436663;ANGOUTWE;42113;VIL. D'ANGOULEME;2;JACOU;0;23:39:00;0;4158;42169
268436662;AIGUETWE;42223;AIGUELONGUE;2;ST-JEAN DE VEDAS;1;22:50:00;0;1218;42101
268436476;AIGUETWE;42223;AIGUELONGUE;2;ST-JEAN DE VEDAS;1;23:20:00;0;3018;42101
268436735;AIGUETWE;42223;AIGUELONGUE;2;ST-JEAN DE VEDAS;1;23:50:00;0;4818;42101
268436662;AUBEROUE;42207;AUBE ROUGE;2;ST-JEAN DE VEDAS;1;22:40:00;0;618;42101
268436476;AUBEROUE;42207;AUBE ROUGE;2;ST-JEAN DE VEDAS;1;23:10:00;0;2418;42101
268436735;AUBEROUE;42207;AUBE ROUGE;2;ST-JEAN DE VEDAS;1;23:40:00;0;4218;42101
268436662;BXARTTWE;42227;BEAUX-ARTS;2;ST-JEAN DE VEDAS;1;22:53:41;0;1439;42101
268436476;BXARTTWE;42227;BEAUX-ARTS;2;ST-JEAN DE VEDAS;1;23:23:41;0;3239;42101
268436735;BXARTTWE;42227;BEAUX-ARTS;2;ST-JEAN DE VEDAS;1;23:53:41;0;5039;42101
268436662;CENTUTWE;42213;CENTURIONS;2;ST-JEAN DE VEDAS;1;22:43:19;0;817;42101
268436476;CENTUTWE;42213;CENTURIONS;2;ST-JEAN DE VEDAS;1;23:13:19;0;2617;42101
268436735;CENTUTWE;42213;CENTURIONS;2;ST-JEAN DE VEDAS;1;23:43:19;0;4417;42101
268436662;DEGAULLE;42219;CH. DE GAULLE;2;ST-JEAN DE VEDAS;1;22:47:00;0;1038;42101
268436476;DEGAULLE;42219;CH. DE GAULLE;2;ST-JEAN DE VEDAS;1;23:17:00;0;2838;42101
268436735;DEGAULLE;42219;CH. DE GAULLE;2;ST-JEAN DE VEDAS;1;23:47:00;0;4638;42101
268436662;CLAIRTWE;42217;CLAIRVAL;2;ST-JEAN DE VEDAS;1;22:45:56;0;974;42101
268436476;CLAIRTWE;42217;CLAIRVAL;2;ST-JEAN DE VEDAS;1;23:15:56;0;2774;42101
268436735;CLAIRTWE;42217;CLAIRVAL;2;ST-JEAN DE VEDAS;1;23:45:56;0;4574;42101
268436662;COMEDATW;41133;COMEDIE;2;ST-JEAN DE VEDAS;1;22:57:59;0;1697;42101
268436476;COMEDATW;41133;COMEDIE;2;ST-JEAN DE VEDAS;1;23:27:59;0;3497;42101
268436735;COMEDATW;41133;COMEDIE;2;ST-JEAN DE VEDAS;1;23:57:59;0;5297;42101
268436662;CORUM2E;42229;CORUM T2;2;ST-JEAN DE VEDAS;1;22:54:59;0;1517;42101
268436476;CORUM2E;42229;CORUM T2;2;ST-JEAN DE VEDAS;1;23:24:59;0;3317;42101
268436735;CORUM2E;42229;CORUM T2;2;ST-JEAN DE VEDAS;1;23:54:59;0;5117;42101
268436515;CXARGTWS;42255;CROIX D'ARGENT;2;ST-JEAN DE VEDAS;1;22:39:32;0;590;42101
268436662;CXARGTWS;42255;CROIX D'ARGENT;2;ST-JEAN DE VEDAS;1;23:09:59;0;2417;42101
268436476;CXARGTWS;42255;CROIX D'ARGENT;2;ST-JEAN DE VEDAS;1;23:39:59;0;4217;42101
268436735;GARETW;41135;GARE ST-ROCH T1;2;ST-JEAN DE VEDAS;1;00:00:00;1;5418;42101
268436662;GARETW;41135;GARE ST-ROCH T1;2;ST-JEAN DE VEDAS;1;22:59:59;0;1817;42101
268436476;GARETW;41135;GARE ST-ROCH T1;2;ST-JEAN DE VEDAS;1;23:29:59;0;3617;42101
268436662;GPOMPTWE;42203;GEORGES POMPIDOU;2;ST-JEAN DE VEDAS;1;22:34:00;0;258;42101
268436476;GPOMPTWE;42203;GEORGES POMPIDOU;2;ST-JEAN DE VEDAS;1;23:04:00;0;2058;42101
268436735;GPOMPTWE;42203;GEORGES POMPIDOU;2;ST-JEAN DE VEDAS;1;23:34:00;0;3858;42101
268436662;JACOUTWS;42169;JACOU;2;ST-JEAN DE VEDAS;1;22:32:00;0;138;42101
268436476;JACOUTWS;42169;JACOU;2;ST-JEAN DE VEDAS;1;23:02:00;0;1938;42101
268436735;JACOUTWS;42169;JACOU;2;ST-JEAN DE VEDAS;1;23:32:00;0;3738;42101
268436515;CONDATWS;42265;LA CONDAMINE;2;ST-JEAN DE VEDAS;1;22:47:32;0;1070;42101
268436662;CONDATWS;42265;LA CONDAMINE;2;ST-JEAN DE VEDAS;1;23:17:59;0;2897;42101
268436476;CONDATWS;42265;LA CONDAMINE;2;ST-JEAN DE VEDAS;1;23:47:59;0;4697;42101
268436662;GALINTWE;42215;LA GALINE;2;ST-JEAN DE VEDAS;1;22:44:39;0;897;42101
268436476;GALINTWE;42215;LA GALINE;2;ST-JEAN DE VEDAS;1;23:14:39;0;2697;42101
268436735;GALINTWE;42215;LA GALINE;2;ST-JEAN DE VEDAS;1;23:44:39;0;4497;42101
268436515;LEMASTWS;42251;LEMASSON;2;ST-JEAN DE VEDAS;1;22:36:47;0;425;42101
268436662;LEMASTWS;42251;LEMASSON;2;ST-JEAN DE VEDAS;1;23:07:14;0;2252;42101
268436476;LEMASTWS;42251;LEMASSON;2;ST-JEAN DE VEDAS;1;23:37:14;0;4052;42101
268436515;GRISETTS;42261;LES GRISETTES;2;ST-JEAN DE VEDAS;1;22:44:32;0;890;42101
268436662;GRISETTS;42261;LES GRISETTES;2;ST-JEAN DE VEDAS;1;23:14:59;0;2717;42101
268436476;GRISETTS;42261;LES GRISETTES;2;ST-JEAN DE VEDAS;1;23:44:59;0;4517;42101
268436662;ABBESTWE;42225;MAIL DES ABBES;2;ST-JEAN DE VEDAS;1;22:52:16;0;1354;42101
268436476;ABBESTWE;42225;MAIL DES ABBES;2;ST-JEAN DE VEDAS;1;23:22:16;0;3154;42101
268436735;ABBESTWE;42225;MAIL DES ABBES;2;ST-JEAN DE VEDAS;1;23:52:16;0;4954;42101
268436515;DREVOTWS;42253;MAS DREVON;2;ST-JEAN DE VEDAS;1;22:38:03;0;501;42101
268436662;DREVOTWS;42253;MAS DREVON;2;ST-JEAN DE VEDAS;1;23:08:51;0;2349;42101
268436476;DREVOTWS;42253;MAS DREVON;2;ST-JEAN DE VEDAS;1;23:38:51;0;4149;42101
268436662;SABLASSE;42211;ND DE SABLASSOU;2;ST-JEAN DE VEDAS;1;22:42:00;0;738;42101
268436476;SABLASSE;42211;ND DE SABLASSOU;2;ST-JEAN DE VEDAS;1;23:12:00;0;2538;42101
268436735;SABLASSE;42211;ND DE SABLASSOU;2;ST-JEAN DE VEDAS;1;23:42:00;0;4338;42101
268436515;NVSTROCS;42247;NOUVEAU ST-ROCH;2;ST-JEAN DE VEDAS;1;22:33:32;0;230;42101
268436662;NVSTROCS;42247;NOUVEAU ST-ROCH;2;ST-JEAN DE VEDAS;1;23:03:59;0;2057;42101
268436476;NVSTROCS;42247;NOUVEAU ST-ROCH;2;ST-JEAN DE VEDAS;1;23:33:59;0;3857;42101
268436662;PLANKSTE;42271;PLANKSTADT;2;ST-JEAN DE VEDAS;1;22:38:00;0;498;42101
268436476;PLANKSTE;42271;PLANKSTADT;2;ST-JEAN DE VEDAS;1;23:08:00;0;2298;42101
268436735;PLANKSTE;42271;PLANKSTADT;2;ST-JEAN DE VEDAS;1;23:38:00;0;4098;42101
268436515;RONDETWS;42245;RONDELET;2;ST-JEAN DE VEDAS;1;22:31:36;0;114;42101
268436662;RONDETWS;42245;RONDELET;2;ST-JEAN DE VEDAS;1;23:02:03;0;1941;42101
268436476;RONDETWS;42245;RONDELET;2;ST-JEAN DE VEDAS;1;23:32:03;0;3741;42101
268436515;SABINESS;42259;SABINES;2;ST-JEAN DE VEDAS;1;22:42:32;0;770;42101
268436662;SABINESS;42259;SABINES;2;ST-JEAN DE VEDAS;1;23:12:59;0;2597;42101
268436476;SABINESS;42259;SABINES;2;ST-JEAN DE VEDAS;1;23:42:59;0;4397;42101
268436515;STCLETWS;42249;SAINT-CLEOPHAS;2;ST-JEAN DE VEDAS;1;22:35:32;0;350;42101
268436662;STCLETWS;42249;SAINT-CLEOPHAS;2;ST-JEAN DE VEDAS;1;23:05:59;0;2177;42101
268436476;STCLETWS;42249;SAINT-CLEOPHAS;2;ST-JEAN DE VEDAS;1;23:35:59;0;3977;42101
268436662;STLAZTWE;42221;SAINT-LAZARE;2;ST-JEAN DE VEDAS;1;22:48:56;0;1154;42101
268436476;STLAZTWE;42221;SAINT-LAZARE;2;ST-JEAN DE VEDAS;1;23:18:56;0;2954;42101
268436735;STLAZTWE;42221;SAINT-LAZARE;2;ST-JEAN DE VEDAS;1;23:48:56;0;4754;42101
268436515;STJSECS;42267;ST-JEAN LE SEC;2;ST-JEAN DE VEDAS;1;22:48:32;0;1130;42101
268436662;STJSECS;42267;ST-JEAN LE SEC;2;ST-JEAN DE VEDAS;1;23:18:59;0;2957;42101
268436476;STJSECS;42267;ST-JEAN LE SEC;2;ST-JEAN DE VEDAS;1;23:48:59;0;4757;42101
268436662;VDOMITIE;42205;VIA DOMITIA;2;ST-JEAN DE VEDAS;1;22:36:00;0;378;42101
268436476;VDOMITIE;42205;VIA DOMITIA;2;ST-JEAN DE VEDAS;1;23:06:00;0;2178;42101
268436735;VDOMITIE;42205;VIA DOMITIA;2;ST-JEAN DE VEDAS;1;23:36:00;0;3978;42101
268436515;VICTOIRE;42263;VICTOIRE 2;2;ST-JEAN DE VEDAS;1;22:46:32;0;1010;42101
268436662;VICTOIRE;42263;VICTOIRE 2;2;ST-JEAN DE VEDAS;1;23:16:59;0;2837;42101
268436476;VICTOIRE;42263;VICTOIRE 2;2;ST-JEAN DE VEDAS;1;23:46:59;0;4637;42101
268436515;ANGOUTWS;42257;VIL. D'ANGOULEME;2;ST-JEAN DE VEDAS;1;22:40:31;0;649;42101
268436662;ANGOUTWS;42257;VIL. D'ANGOULEME;2;ST-JEAN DE VEDAS;1;23:10:58;0;2476;42101
268436476;ANGOUTWS;42257;VIL. D'ANGOULEME;2;ST-JEAN DE VEDAS;1;23:40:58;0;4276;42101
268437101;ASTRUT3S;43241;ASTRUC;3;JUVIGNAC;0;22:38:36;0;534;43101
268436899;ASTRUT3S;43241;ASTRUC;3;JUVIGNAC;0;23:08:05;0;2303;43101
268436990;ASTRUT3S;43241;ASTRUC;3;JUVIGNAC;0;23:38:05;0;4103;43101
268436899;BOIRAT3E;43209;BOIRARGUES;3;JUVIGNAC;0;22:44:00;0;858;43101
268436990;BOIRAT3E;43209;BOIRARGUES;3;JUVIGNAC;0;23:14:00;0;2658;43101
268437256;BOIRAT3E;43209;BOIRARGUES;3;JUVIGNAC;0;23:44:00;0;4458;43101
268437101;CELLET3S;43253;CELLENEUVE;3;JUVIGNAC;0;22:48:32;0;1130;43101
268436899;CELLET3S;43253;CELLENEUVE;3;JUVIGNAC;0;23:18:13;0;2911;43101
268436990;CELLET3S;43253;CELLENEUVE;3;JUVIGNAC;0;23:48:13;0;4711;43101
268436899;COUGOT3E;43261;COUGOURLUDE;3;JUVIGNAC;0;22:39:00;0;558;43101
268437256;COUGOT3E;43261;COUGOURLUDE;3;JUVIGNAC;0;23:39:00;0;4158;43101
268436990;ECOPOLEE;43207;ECOPOLE;3;JUVIGNAC;0;23:12:00;0;2538;43101
268437101;GARETW3A;43127;GARE ST-ROCH T3;3;JUVIGNAC;0;22:30:31;0;49;43101
268436899;GARETW3A;43127;GARE ST-ROCH T3;3;JUVIGNAC;0;23:00:00;0;1818;43101
268436990;GARETW3A;43127;GARE ST-ROCH T3;3;JUVIGNAC;0;23:30:00;0;3618;43101
268437101;HDEPTT3S;43249;HOT. DEPARTEMENT;3;JUVIGNAC;0;22:45:30;0;948;43101
268436899;HDEPTT3S;43249;HOT. DEPARTEMENT;3;JUVIGNAC;0;23:14:59;0;2717;43101
268436990;HDEPTT3S;43249;HOT. DEPARTEMENT;3;JUVIGNAC;0;23:44:59;0;4517;43101
268436899;HTLIRT3E;43263;HTS LA LIRONDE;3;JUVIGNAC;0;22:41:00;0;678;43101
268437256;HTLIRT3E;43263;HTS LA LIRONDE;3;JUVIGNAC;0;23:41:00;0;4278;43101
268437101;GUESDT3S;43243;JULES GUESDE;3;JUVIGNAC;0;22:40:30;0;648;43101
268436899;GUESDT3S;43243;JULES GUESDE;3;JUVIGNAC;0;23:09:59;0;2417;43101
268436990;GUESDT3S;43243;JULES GUESDE;3;JUVIGNAC;0;23:39:59;0;4217;43101
268436899;LATTEST3;43259;LATTES CENTRE;3;JUVIGNAC;0;22:37:00;0;438;43101
268437256;LATTEST3;43259;LATTES CENTRE;3;JUVIGNAC;0;23:37:00;0;4038;43101
268437101;ARCEAT3S;43239;LES ARCEAUX;3;JUVIGNAC;0;22:37:18;0;456;43101
268436899;ARCEAT3S;43239;LES ARCEAUX;3;JUVIGNAC;0;23:06:33;0;2211;43101
268436990;ARCEAT3S;43239;LES ARCEAUX;3;JUVIGNAC;0;23:36:33;0;4011;43101
268437101;MOSSOT3S;43255;MOSSON T3;3;JUVIGNAC;0;22:50:31;0;1249;43101
268436899;MOSSOT3S;43255;MOSSON T3;3;JUVIGNAC;0;23:20:00;0;3018;43101
268436990;MOSSOT3S;43255;MOSSON T3;3;JUVIGNAC;0;23:50:00;0;4818;43101
268436899;MOULARTW;41209;MOULARES;3;JUVIGNAC;0;22:51:44;0;1322;43101
268436990;MOULARTW;41209;MOULARES;3;JUVIGNAC;0;23:21:44;0;3122;43101
268437256;MOULARTW;41209;MOULARES;3;JUVIGNAC;0;23:51:44;0;4922;43101
268437101;OBSERT3S;43233;OBSERVATOIRE;3;JUVIGNAC;0;22:31:31;0;109;43101
268436899;OBSERT3S;43233;OBSERVATOIRE;3;JUVIGNAC;0;23:01:00;0;1878;43101
268436990;OBSERT3S;43233;OBSERVATOIRE;3;JUVIGNAC;0;23:31:00;0;3678;43101
268436899;PICASSOE;43213;PABLO PICASSO;3;JUVIGNAC;0;22:47:00;0;1038;43101
268436990;PICASSOE;43213;PABLO PICASSO;3;JUVIGNAC;0;23:17:00;0;2838;43101
268437256;PICASSOE;43213;PABLO PICASSO;3;JUVIGNAC;0;23:47:00;0;4638;43101
268436990;PEXPOT3E;43205;PARC EXPO;3;JUVIGNAC;0;23:10:00;0;2418;43101
268437101;PERGOT3S;43247;PERGOLA;3;JUVIGNAC;0;22:44:02;0;860;43101
268436899;PERGOT3S;43247;PERGOLA;3;JUVIGNAC;0;23:13:23;0;2621;43101
268436990;PERGOT3S;43247;PERGOLA;3;JUVIGNAC;0;23:43:23;0;4421;43101
268436990;PEROLT3E;43203;PEROLS CENTRE;3;JUVIGNAC;0;23:07:00;0;2238;43101
268436990;ETGLORT3;43201;PEROLS ETANG OR;3;JUVIGNAC;0;23:05:00;0;2118;43101
268437101;PILORT3S;43251;PILORY;3;JUVIGNAC;0;22:46:34;0;1012;43101
268436899;PILORT3S;43251;PILORY;3;JUVIGNAC;0;23:16:03;0;2781;43101
268436990;PILORT3S;43251;PILORY;3;JUVIGNAC;0;23:46:03;0;4581;43101
268436899;CARNOTWE;42241;PLACE CARNOT;3;JUVIGNAC;0;22:57:00;0;1638;43101
268436990;CARNOTWE;42241;PLACE CARNOT;3;JUVIGNAC;0;23:27:00;0;3438;43101
268437256;CARNOTWE;42241;PLACE CARNOT;3;JUVIGNAC;0;23:57:00;0;5238;43101
268437101;PCABT3S;43237;PLAN CABANES;3;JUVIGNAC;0;22:35:31;0;349;43101
268436899;PCABT3S;43237;PLAN CABANES;3;JUVIGNAC;0;23:05:00;0;2118;43101
268436990;PCABT3S;43237;PLAN CABANES;3;JUVIGNAC;0;23:35:00;0;3918;43101
268436899;PMARIRTW;41207;PORT MARIANNE;3;JUVIGNAC;0;22:50:00;0;1218;43101
268436990;PMARIRTW;41207;PORT MARIANNE;3;JUVIGNAC;0;23:20:00;0;3018;43101
268437256;PMARIRTW;41207;PORT MARIANNE;3;JUVIGNAC;0;23:50:00;0;4818;43101
268436899;RLEZ2E;42237;RIVES DU LEZ T3;3;JUVIGNAC;0;22:54:00;0;1458;43101
268436990;RLEZ2E;42237;RIVES DU LEZ T3;3;JUVIGNAC;0;23:24:00;0;3258;43101
268437256;RLEZ2E;42237;RIVES DU LEZ T3;3;JUVIGNAC;0;23:54:00;0;5058;43101
268437101;STDENT3S;43235;SAINT-DENIS T3;3;JUVIGNAC;0;22:34:31;0;289;43101
268436899;STDENT3S;43235;SAINT-DENIS T3;3;JUVIGNAC;0;23:04:00;0;2058;43101
268436990;STDENT3S;43235;SAINT-DENIS T3;3;JUVIGNAC;0;23:34:00;0;3858;43101
268437101;TONNET3S;43245;TONNELLES;3;JUVIGNAC;0;22:42:25;0;763;43101
268436899;TONNET3S;43245;TONNELLES;3;JUVIGNAC;0;23:11:40;0;2518;43101
268436990;TONNET3S;43245;TONNELLES;3;JUVIGNAC;0;23:41:40;0;4318;43101
268436899;VOLTAIRE;42239;VOLTAIRE;3;JUVIGNAC;0;22:55:28;0;1546;43101
268436990;VOLTAIRE;42239;VOLTAIRE;3;JUVIGNAC;0;23:25:28;0;3346;43101
268437256;VOLTAIRE;42239;VOLTAIRE;3;JUVIGNAC;0;23:55:28;0;5146;43101
268437255;ASTRUT3E;43117;ASTRUC;3;LATTES CENTRE;1;22:50:55;0;1273;43259
268436900;ASTRUT3E;43117;ASTRUC;3;LATTES CENTRE;1;23:50:55;0;4873;43259
268437255;BOIRAT3S;43149;BOIRARGUES;3;LATTES CENTRE;1;23:13:59;0;2657;43259
268437255;CELLRT3E;43105;CELLENEUVE;3;LATTES CENTRE;1;22:40:47;0;665;43259
268436900;CELLRT3E;43105;CELLENEUVE;3;LATTES CENTRE;1;23:40:47;0;4265;43259
268436900;COUGOT3S;43161;COUGOURLUDE;3;LATTES CENTRE;1;00:18:59;1;6557;43259
268437255;COUGOT3S;43161;COUGOURLUDE;3;LATTES CENTRE;1;23:18:59;0;2957;43259
268436900;GARETW3R;43231;GARE ST-ROCH T3;3;LATTES CENTRE;1;00:00:00;1;5418;43259
268437255;GARETW3R;43231;GARE ST-ROCH T3;3;LATTES CENTRE;1;22:59:59;0;1817;43259
268437255;HDEPTT3E;43109;HOT. DEPARTEMENT;3;LATTES CENTRE;1;22:44:00;0;858;43259
268436900;HDEPTT3E;43109;HOT. DEPARTEMENT;3;LATTES CENTRE;1;23:44:00;0;4458;43259
268436900;HTLIRT3S;43159;HTS LA LIRONDE;3;LATTES CENTRE;1;00:17:00;1;6438;43259
268437255;HTLIRT3S;43159;HTS LA LIRONDE;3;LATTES CENTRE;1;23:16:59;0;2837;43259
268437255;GUESDT3E;43115;JULES GUESDE;3;LATTES CENTRE;1;22:49:00;0;1158;43259
268436900;GUESDT3E;43115;JULES GUESDE;3;LATTES CENTRE;1;23:49:00;0;4758;43259
268437255;JUVIGNAC;43101;JUVIGNAC;3;LATTES CENTRE;1;22:34:00;0;258;43259
268436900;JUVIGNAC;43101;JUVIGNAC;3;LATTES CENTRE;1;23:34:00;0;3858;43259
268437255;ARCEAT3E;43119;LES ARCEAUX;3;LATTES CENTRE;1;22:52:38;0;1376;43259
268436900;ARCEAT3E;43119;LES ARCEAUX;3;LATTES CENTRE;1;23:52:38;0;4976;43259
268437255;MOSSOT3E;43103;MOSSON T3;3;LATTES CENTRE;1;22:39:00;0;558;43259
268436900;MOSSOT3E;43103;MOSSON T3;3;LATTES CENTRE;1;23:39:00;0;4158;43259
268437255;MOULAATW;41147;MOULARES;3;LATTES CENTRE;1;23:07:36;0;2274;43259
268437255;OBSERT3E;43125;OBSERVATOIRE;3;LATTES CENTRE;1;22:57:59;0;1697;43259
268436900;OBSERT3E;43125;OBSERVATOIRE;3;LATTES CENTRE;1;23:57:59;0;5297;43259
268437255;PICASSOS;43145;PABLO PICASSO;3;LATTES CENTRE;1;23:10:59;0;2477;43259
268437255;PERGOT3E;43111;PERGOLA;3;LATTES CENTRE;1;22:45:51;0;969;43259
268436900;PERGOT3E;43111;PERGOLA;3;LATTES CENTRE;1;23:45:51;0;4569;43259
268437255;PILORT3E;43107;PILORY;3;LATTES CENTRE;1;22:42:56;0;794;43259
268436900;PILORT3E;43107;PILORY;3;LATTES CENTRE;1;23:42:56;0;4394;43259
268437255;CARNOTWS;42129;PLACE CARNOT;3;LATTES CENTRE;1;23:02:59;0;1997;43259
268437255;PCABT3E;43121;PLAN CABANES;3;LATTES CENTRE;1;22:53:59;0;1457;43259
268436900;PCABT3E;43121;PLAN CABANES;3;LATTES CENTRE;1;23:53:59;0;5057;43259
268437255;PMARIATW;41149;PORT MARIANNE;3;LATTES CENTRE;1;23:08:59;0;2357;43259
268437255;RLEZ2S;42133;RIVES DU LEZ T3;3;LATTES CENTRE;1;23:05:59;0;2177;43259
268437255;STDENT3E;43123;SAINT-DENIS;3;LATTES CENTRE;1;22:55:59;0;1577;43259
268436900;STDENT3E;43123;SAINT-DENIS;3;LATTES CENTRE;1;23:55:59;0;5177;43259
268437255;TONNET3E;43113;TONNELLES;3;LATTES CENTRE;1;22:47:19;0;1057;43259
268436900;TONNET3E;43113;TONNELLES;3;LATTES CENTRE;1;23:47:19;0;4657;43259
268437255;VOLTAIRS;42131;VOLTAIRE;3;LATTES CENTRE;1;23:04:31;0;2089;43259
268437102;ASTRUT3E;43117;ASTRUC;3;PEROLS ETANG;1;23:20:55;0;3073;43201
268436989;BOIRAT3S;43149;BOIRARGUES;3;PEROLS ETANG;1;22:43:31;0;829;43201
268437102;BOIRAT3S;43149;BOIRARGUES;3;PEROLS ETANG;1;23:43:59;0;4457;43201
268437102;CELLRT3E;43105;CELLENEUVE;3;PEROLS ETANG;1;23:10:47;0;2465;43201
268436989;ECOPOLES;43151;ECOPOLE;3;PEROLS ETANG;1;22:46:31;0;1009;43201
268437102;ECOPOLES;43151;ECOPOLE;3;PEROLS ETANG;1;23:46:59;0;4637;43201
268437102;GARETW3R;43231;GARE ST-ROCH T3;3;PEROLS ETANG;1;23:29:59;0;3617;43201
268437102;HDEPTT3E;43109;HOT. DEPARTEMENT;3;PEROLS ETANG;1;23:14:00;0;2658;43201
268437102;GUESDT3E;43115;JULES GUESDE;3;PEROLS ETANG;1;23:19:00;0;2958;43201
268437102;JUVIGNAC;43101;JUVIGNAC;3;PEROLS ETANG;1;23:04:00;0;2058;43201
268437102;ARCEAT3E;43119;LES ARCEAUX;3;PEROLS ETANG;1;23:22:38;0;3176;43201
268437102;MOSSOT3E;43103;MOSSON T3;3;PEROLS ETANG;1;23:09:00;0;2358;43201
268436989;MOULAATW;41147;MOULARES;3;PEROLS ETANG;1;22:36:38;0;416;43201
268437102;MOULAATW;41147;MOULARES;3;PEROLS ETANG;1;23:37:36;0;4074;43201
268437102;OBSERT3E;43125;OBSERVATOIRE;3;PEROLS ETANG;1;23:27:59;0;3497;43201
268436989;PICASSOS;43145;PABLO PICASSO;3;PEROLS ETANG;1;22:40:31;0;649;43201
268437102;PICASSOS;43145;PABLO PICASSO;3;PEROLS ETANG;1;23:40:59;0;4277;43201
268436989;PEXPOT3S;43153;PARC EXPO;3;PEROLS ETANG;1;22:48:31;0;1129;43201
268437102;PEXPOT3S;43153;PARC EXPO;3;PEROLS ETANG;1;23:48:59;0;4757;43201
268437102;PERGOT3E;43111;PERGOLA;3;PEROLS ETANG;1;23:15:51;0;2769;43201
268436989;PEROLT3S;43155;PEROLS CENTRE;3;PEROLS ETANG;1;22:50:31;0;1249;43201
268437102;PEROLT3S;43155;PEROLS CENTRE;3;PEROLS ETANG;1;23:50:59;0;4877;43201
268437102;PILORT3E;43107;PILORY;3;PEROLS ETANG;1;23:12:56;0;2594;43201
268436989;CARNOTWS;42129;PLACE CARNOT;3;PEROLS ETANG;1;22:32:31;0;169;43201
268437102;CARNOTWS;42129;PLACE CARNOT;3;PEROLS ETANG;1;23:32:59;0;3797;43201
268437102;PCABT3E;43121;PLAN CABANES;3;PEROLS ETANG;1;23:23:59;0;3257;43201
268436989;PMARIATW;41149;PORT MARIANNE;3;PEROLS ETANG;1;22:38:31;0;529;43201
268437102;PMARIATW;41149;PORT MARIANNE;3;PEROLS ETANG;1;23:38:59;0;4157;43201
268436989;RLEZ2S;42133;RIVES DU LEZ T3;3;PEROLS ETANG;1;22:35:31;0;349;43201
268437102;RLEZ2S;42133;RIVES DU LEZ T3;3;PEROLS ETANG;1;23:35:59;0;3977;43201
268437102;STDENT3E;43123;SAINT-DENIS;3;PEROLS ETANG;1;23:25:59;0;3377;43201
268437102;TONNET3E;43113;TONNELLES;3;PEROLS ETANG;1;23:17:19;0;2857;43201
268436989;VOLTAIRS;42131;VOLTAIRE;3;PEROLS ETANG;1;22:33:33;0;231;43201
268437102;VOLTAIRS;42131;VOLTAIRE;3;PEROLS ETANG;1;23:34:31;0;3889;43201
268437376;ALBERT4R;44202;ALBERT 1er;4;GARCIA LORCA;1;22:31:21;0;99;44205
268437407;ALBERT4A;44102;ALBERT 1er;4;GARCIA LORCA;0;22:45:12;0;930;44106
268437441;ALBERT4R;44202;ALBERT 1er;4;GARCIA LORCA;1;22:53:00;0;1398;44205
268437289;ALBERT4A;44102;ALBERT 1er;4;GARCIA LORCA;0;23:06:00;0;2178;44106
268437377;ALBERT4R;44202;ALBERT 1er;4;GARCIA LORCA;1;23:13:00;0;2598;44205
268437408;ALBERT4A;44102;ALBERT 1er;4;GARCIA LORCA;0;23:26:00;0;3378;44106
268437288;CORUMATW;41131;CORUM T1;4;GARCIA LORCA;0;22:32:15;0;153;44106
268437407;CORUMATW;41131;CORUM T1;4;GARCIA LORCA;0;22:48:12;0;1110;44106
268437441;CORUMRTW;41225;CORUM T1;4;GARCIA LORCA;1;22:50:00;0;1218;44205
268437289;CORUMATW;41131;CORUM T1;4;GARCIA LORCA;0;23:09:00;0;2358;44106
268437377;CORUMRTW;41225;CORUM T1;4;GARCIA LORCA;1;23:10:00;0;2418;44205
268437442;CORUMRTW;41225;CORUM T1;4;GARCIA LORCA;1;23:30:00;0;3618;44205
268437441;LORCA4R;44201;GARCIA LORCA;4;GARCIA LORCA;1;22:36:00;0;378;44205
268437289;LORCAT4A;44105;GARCIA LORCA;4;GARCIA LORCA;0;22:50:00;0;1218;44106
268437377;LORCA4R;44201;GARCIA LORCA;4;GARCIA LORCA;1;22:56:00;0;1578;44205
268437408;LORCAT4A;44105;GARCIA LORCA;4;GARCIA LORCA;0;23:10:00;0;2418;44106
268437442;LORCA4R;44201;GARCIA LORCA;4;GARCIA LORCA;1;23:16:00;0;2778;44205
268437290;LORCAT4A;44105;GARCIA LORCA;4;GARCIA LORCA;0;23:30:00;0;3618;44106
268437376;GARETW3R;43231;GARE ST-ROCH T3;4;GARCIA LORCA;1;22:38:21;0;519;44205
268437407;GARETW3A;43127;GARE ST-ROCH T3;4;GARCIA LORCA;0;22:39:12;0;570;44106
268437289;GARETW3A;43127;GARE ST-ROCH T3;4;GARCIA LORCA;0;23:00:00;0;1818;44106
268437441;GARETW3R;43231;GARE ST-ROCH T3;4;GARCIA LORCA;1;23:00:00;0;1818;44205
268437408;GARETW3A;43127;GARE ST-ROCH T3;4;GARCIA LORCA;0;23:20:00;0;3018;44106
268437377;GARETW3R;43231;GARE ST-ROCH T3;4;GARCIA LORCA;1;23:20:00;0;3018;44205
268437441;HVILLE4R;43141;HOTEL DE VILLE;4;GARCIA LORCA;1;22:40:00;0;618;44205
268437288;HVILLE4A;43217;HOTEL DE VILLE;4;GARCIA LORCA;0;22:42:15;0;753;44106
268437407;HVILLE4A;43217;HOTEL DE VILLE;4;GARCIA LORCA;0;22:58:12;0;1710;44106
268437377;HVILLE4R;43141;HOTEL DE VILLE;4;GARCIA LORCA;1;23:00:00;0;1818;44205
268437289;HVILLE4A;43217;HOTEL DE VILLE;4;GARCIA LORCA;0;23:19:00;0;2958;44106
268437442;HVILLE4R;43141;HOTEL DE VILLE;4;GARCIA LORCA;1;23:20:00;0;3018;44205
268437441;RAUZE4R;43139;LA RAUZE;4;GARCIA LORCA;1;22:38:00;0;498;44205
268437288;RAUZE4A;43219;LA RAUZE;4;GARCIA LORCA;0;22:44:15;0;873;44106
268437377;RAUZE4R;43139;LA RAUZE;4;GARCIA LORCA;1;22:58:00;0;1698;44205
268437407;RAUZE4A;43219;LA RAUZE;4;GARCIA LORCA;0;23:00:12;0;1830;44106
268437442;RAUZE4R;43139;LA RAUZE;4;GARCIA LORCA;1;23:18:00;0;2898;44205
268437289;RAUZE4A;43219;LA RAUZE;4;GARCIA LORCA;0;23:21:00;0;3078;44106
268437288;AUBESTWE;42231;LES AUBES;4;GARCIA LORCA;0;22:34:15;0;273;44106
268437441;AUBESTWS;42139;LES AUBES;4;GARCIA LORCA;1;22:48:00;0;1098;44205
268437407;AUBESTWE;42231;LES AUBES;4;GARCIA LORCA;0;22:50:12;0;1230;44106
268437377;AUBESTWS;42139;LES AUBES;4;GARCIA LORCA;1;23:08:00;0;2298;44205
268437289;AUBESTWE;42231;LES AUBES;4;GARCIA LORCA;0;23:11:00;0;2478;44106
268437442;AUBESTWS;42139;LES AUBES;4;GARCIA LORCA;1;23:28:00;0;3498;44205
268437288;BLANCATW;41129;LOUIS BLANC;4;GARCIA LORCA;0;22:31:16;0;94;44106
268437407;BLANCATW;41129;LOUIS BLANC;4;GARCIA LORCA;0;22:46:51;0;1029;44106
268437441;BLANCRTW;41227;LOUIS BLANC;4;GARCIA LORCA;1;22:51:15;0;1293;44205
268437289;BLANCATW;41129;LOUIS BLANC;4;GARCIA LORCA;0;23:07:39;0;2277;44106
268437377;BLANCRTW;41227;LOUIS BLANC;4;GARCIA LORCA;1;23:11:15;0;2493;44205
268437442;BLANCRTW;41227;LOUIS BLANC;4;GARCIA LORCA;1;23:31:15;0;3693;44205
268437407;NVSTROCE;42123;NOUVEAU ST-ROCH;4;GARCIA LORCA;0;22:35:12;0;330;44106
268437376;NVSTROCS;42247;NOUVEAU ST-ROCH;4;GARCIA LORCA;1;22:42:21;0;759;44205
268437289;NVSTROCE;42123;NOUVEAU ST-ROCH;4;GARCIA LORCA;0;22:56:00;0;1578;44106
268437441;NVSTROCS;42247;NOUVEAU ST-ROCH;4;GARCIA LORCA;1;23:04:00;0;2058;44205
268437408;NVSTROCE;42123;NOUVEAU ST-ROCH;4;GARCIA LORCA;0;23:16:00;0;2778;44106
268437377;NVSTROCS;42247;NOUVEAU ST-ROCH;4;GARCIA LORCA;1;23:24:00;0;3258;44205
268437376;OBSERT3E;43125;OBSERVATOIRE;4;GARCIA LORCA;1;22:36:21;0;399;44205
268437407;OBSERT3S;43233;OBSERVATOIRE;4;GARCIA LORCA;0;22:40:12;0;630;44106
268437441;OBSERT3E;43125;OBSERVATOIRE;4;GARCIA LORCA;1;22:58:00;0;1698;44205
268437289;OBSERT3S;43233;OBSERVATOIRE;4;GARCIA LORCA;0;23:01:00;0;1878;44106
268437377;OBSERT3E;43125;OBSERVATOIRE;4;GARCIA LORCA;1;23:18:00;0;2898;44205
268437408;OBSERT3S;43233;OBSERVATOIRE;4;GARCIA LORCA;0;23:21:00;0;3078;44106
268437376;PEYROT4R;44203;PEYROU;4;GARCIA LORCA;1;22:33:21;0;219;44205
268437407;PEYROT4A;44103;PEYROU;4;GARCIA LORCA;0;22:43:12;0;810;44106
268437441;PEYROT4R;44203;PEYROU;4;GARCIA LORCA;1;22:55:00;0;1518;44205
268437289;PEYROT4A;44103;PEYROU;4;GARCIA LORCA;0;23:04:00;0;2058;44106
268437377;PEYROT4R;44203;PEYROU;4;GARCIA LORCA;1;23:15:00;0;2718;44205
268437408;PEYROT4A;44103;PEYROU;4;GARCIA LORCA;0;23:24:00;0;3258;44106
268437288;EUROPATW;41143;PL. DE L'EUROPE;4;GARCIA LORCA;0;22:38:15;0;513;44106
268437441;EUROPRTW;41213;PL. DE L'EUROPE;4;GARCIA LORCA;1;22:44:00;0;858;44205
268437407;EUROPATW;41143;PL. DE L'EUROPE;4;GARCIA LORCA;0;22:54:12;0;1470;44106
268437377;EUROPRTW;41213;PL. DE L'EUROPE;4;GARCIA LORCA;1;23:04:00;0;2058;44205
268437289;EUROPATW;41143;PL. DE L'EUROPE;4;GARCIA LORCA;0;23:15:00;0;2718;44106
268437442;EUROPRTW;41213;PL. DE L'EUROPE;4;GARCIA LORCA;1;23:24:00;0;3258;44205
268437288;POMPITWE;42233;POMPIGNANE;4;GARCIA LORCA;0;22:36:15;0;393;44106
268437441;POMPITWS;42137;POMPIGNANE;4;GARCIA LORCA;1;22:46:00;0;978;44205
268437407;POMPITWE;42233;POMPIGNANE;4;GARCIA LORCA;0;22:52:12;0;1350;44106
268437377;POMPITWS;42137;POMPIGNANE;4;GARCIA LORCA;1;23:06:00;0;2178;44205
268437289;POMPITWE;42233;POMPIGNANE;4;GARCIA LORCA;0;23:13:00;0;2598;44106
268437442;POMPITWS;42137;POMPIGNANE;4;GARCIA LORCA;1;23:26:00;0;3378;44205
268437407;RESTAN4A;43223;RESTANQUE;4;GARCIA LORCA;0;22:30:56;0;74;44106
268437376;RESTAN4R;43135;RESTANQUE;4;GARCIA LORCA;1;22:45:38;0;956;44205
268437289;RESTAN4A;43223;RESTANQUE;4;GARCIA LORCA;0;22:51:44;0;1322;44106
268437441;RESTAN4R;43135;RESTANQUE;4;GARCIA LORCA;1;23:07:17;0;2255;44205
268437408;RESTAN4A;43223;RESTANQUE;4;GARCIA LORCA;0;23:11:44;0;2522;44106
268437377;RESTAN4R;43135;RESTANQUE;4;GARCIA LORCA;1;23:27:17;0;3455;44205
268437288;RILEZATW;41145;RIVES DU LEZ T1;4;GARCIA LORCA;0;22:40:15;0;633;44106
268437441;RILEZRTW;41211;RIVES DU LEZ T1;4;GARCIA LORCA;1;22:43:00;0;798;44205
268437407;RILEZATW;41145;RIVES DU LEZ T1;4;GARCIA LORCA;0;22:56:12;0;1590;44106
268437377;RILEZRTW;41211;RIVES DU LEZ T1;4;GARCIA LORCA;1;23:03:00;0;1998;44205
268437289;RILEZATW;41145;RIVES DU LEZ T1;4;GARCIA LORCA;0;23:17:00;0;2838;44106
268437442;RILEZRTW;41211;RIVES DU LEZ T1;4;GARCIA LORCA;1;23:23:00;0;3198;44205
268437407;RONDETWE;42125;RONDELET;4;GARCIA LORCA;0;22:37:10;0;448;44106
268437376;RONDETWS;42245;RONDELET;4;GARCIA LORCA;1;22:40:22;0;640;44205
268437289;RONDETWE;42125;RONDELET;4;GARCIA LORCA;0;22:57:58;0;1696;44106
268437441;RONDETWS;42245;RONDELET;4;GARCIA LORCA;1;23:01:56;0;1934;44205
268437408;RONDETWE;42125;RONDELET;4;GARCIA LORCA;0;23:17:58;0;2896;44106
268437377;RONDETWS;42245;RONDELET;4;GARCIA LORCA;1;23:21:56;0;3134;44205
268437376;STGUIT4R;44204;SAINT-GUILHEM;4;GARCIA LORCA;1;22:34:38;0;296;44205
268437407;STGUIT4A;44104;SAINT-GUILHEM;4;GARCIA LORCA;0;22:41:26;0;704;44106
268437441;STGUIT4R;44204;SAINT-GUILHEM;4;GARCIA LORCA;1;22:56:47;0;1625;44205
268437289;STGUIT4A;44104;SAINT-GUILHEM;4;GARCIA LORCA;0;23:02:14;0;1952;44106
268437377;STGUIT4R;44204;SAINT-GUILHEM;4;GARCIA LORCA;1;23:16:47;0;2825;44205
268437408;STGUIT4A;44104;SAINT-GUILHEM;4;GARCIA LORCA;0;23:22:14;0;3152;44106
268437407;SMART4A;43225;SAINT-MARTIN;4;GARCIA LORCA;0;22:32:12;0;150;44106
268437376;SMART4R;43133;SAINT-MARTIN;4;GARCIA LORCA;1;22:44:21;0;879;44205
268437289;SMART4A;43225;SAINT-MARTIN;4;GARCIA LORCA;0;22:53:00;0;1398;44106
268437441;SMART4R;43133;SAINT-MARTIN;4;GARCIA LORCA;1;23:06:00;0;2178;44205
268437408;SMART4A;43225;SAINT-MARTIN;4;GARCIA LORCA;0;23:13:00;0;2598;44106
268437377;SMART4R;43133;SAINT-MARTIN;4;GARCIA LORCA;1;23:26:00;0;3378;44205
268437936;MONNETS;7237;LYCEE J. MONNET;7;H. DEPARTEMENT;1;22:31:22;0;100;7143
